1,s2p,quad,no_function,1.1,False,0.003,Done
2,s2p,quad,no_function,1.1,False,0.006999999999999999,Done
3,s2p,quad,no_function,1.1,False,0.011,Done
4,s2p,quad,no_function,1.1,False,0.015,Done
5,s2p,quad,no_function,1.1,False,0.019,Done
6,s2p,quad,no_function,1.1,False,0.023,Done
7,s2p,quad,no_function,1.1,False,0.027000000000000003,Done
8,s2p,quad,no_function,1.1,False,0.031,Done
9,s2p,quad,no_function,1.1,False,0.035,Done
10,s2p,quad,no_function,1.1,False,0.039,Done
11,s2p,quad,no_function,1.1,False,0.043,Done
12,s2p,quad,no_function,1.1,False,0.047,Done
13,s2p,quad,no_function,1.1,False,0.051,Done
14,s2p,quad,no_function,1.1,False,0.055,Done
15,s2p,quad,no_function,1.1,False,0.059,Done
16,s2p,quad,no_function,1.1,False,0.063,Done
17,s2p,quad,no_function,1.1,False,0.067,Done
18,s2p,quad,no_function,1.1,False,0.071,Done
19,s2p,quad,no_function,1.1,False,0.075,Done
20,s2p,quad,no_function,1.1,False,0.079,Done
21,s2p,quad,no_function,1.1,False,0.083,Done
22,s2p,quad,no_function,1.1,False,0.087,Done
23,s2p,quad,no_function,1.1,False,0.091,Done
24,s2p,quad,no_function,1.1,False,0.095,Done
25,s2p,quad,no_function,1.1,False,0.099,Done
26,s2p,quad,no_function,1.1,False,0.103,Done
27,s2p,quad,no_function,1.1,False,0.107,Done
28,s2p,quad,no_function,1.1,False,0.111,Done
29,s2p,quad,no_function,1.1,False,0.115,Done
30,s2p,quad,no_function,1.1,False,0.119,Done
31,s2p,quad,no_function,1.1,False,0.123,Done
32,s2p,quad,no_function,1.1,False,0.127,Done
33,s2p,quad,no_function,1.1,False,0.131,Done
34,s2p,quad,no_function,1.1,False,0.135,Done
35,s2p,quad,no_function,1.1,False,0.139,Done
36,s2p,quad,no_function,1.1,False,0.14300000000000002,Done
37,s2p,quad,no_function,1.1,False,0.147,Done
38,s2p,quad,no_function,1.1,False,0.151,Done
39,s2p,quad,inverse,0.0640754,False,0.003,Done
40,s2p,quad,inverse,0.0641846,False,0.006999999999999999,Done
41,s2p,quad,inverse,0.064389,False,0.011,Done
42,s2p,quad,inverse,0.06471589999999999,False,0.015,Done
43,s2p,quad,inverse,0.06541369999999999,False,0.019,Done
44,s2p,quad,inverse,0.06608439999999999,False,0.023,Done
45,s2p,quad,inverse,0.06696989,False,0.027000000000000003,Done
46,s2p,quad,inverse,0.06813804,False,0.031,Done
47,s2p,quad,inverse,0.07068073,False,0.035,Done
48,s2p,quad,inverse,0.07322389,False,0.039,Done
49,s2p,quad,inverse,0.07712135,False,0.043,Done
50,s2p,quad,inverse,0.08411648,False,0.047,Done
51,s2p,quad,inverse,0.14504779,False,0.051,Done
52,s2p,quad,inverse,0.14887277,False,0.055,Done
53,s2p,quad,inverse,0.15404932,False,0.059,Done
54,s2p,quad,inverse,0.16180419,False,0.063,Done
55,s2p,quad,inverse,0.18679703,False,0.067,Done
56,s2p,quad,inverse,0.20210814,False,0.071,Done
57,s2p,quad,inverse,0.20997858,False,0.075,Done
58,s2p,quad,inverse,0.22204602,False,0.079,Done
59,s2p,quad,inverse,0.24282798,False,0.083,Done
60,s2p,quad,inverse,0.2524287,False,0.087,Done
61,s2p,quad,inverse,0.2670369,False,0.091,Done
62,s2p,quad,inverse,0.27650164,False,0.095,Done
63,s2p,quad,inverse,0.29457373,False,0.099,Done
64,s2p,quad,inverse,0.30351034,False,0.103,Done
65,s2p,quad,inverse,0.31471826,False,0.107,Done
66,s2p,quad,inverse,0.32449689,False,0.111,Done
67,s2p,quad,inverse,0.33999809,False,0.115,Done
68,s2p,quad,inverse,0.34913266,False,0.119,Done
69,s2p,quad,inverse,0.35889303,False,0.123,Done
70,s2p,quad,inverse,0.36823828,False,0.127,Done
71,s2p,quad,inverse,0.37702112,False,0.131,Done
72,s2p,quad,inverse,0.39030107,False,0.135,Done
73,s2p,quad,inverse,0.39947847,False,0.139,Done
74,s2p,quad,inverse,0.40746793,False,0.14300000000000002,Done
75,s2p,quad,inverse,0.4157491,False,0.147,Done
76,s2p,quad,inverse,0.427865479,False,0.151,Done
77,s2p,quad,max,1.1,False,0.003,Done
78,s2p,quad,max,1.1,False,0.006999999999999999,Done
79,s2p,quad,max,1.1,False,0.011,Done
80,s2p,quad,max,1.1,False,0.015,Done
81,s2p,quad,max,1.1,False,0.019,Done
82,s2p,quad,max,1.1,False,0.023,Done
83,s2p,quad,max,1.1,False,0.027000000000000003,Done
84,s2p,quad,max,1.1,False,0.031,Done
85,s2p,quad,max,1.1,False,0.035,Done
86,s2p,quad,max,1.1,False,0.039,Done
87,s2p,quad,max,1.1,False,0.043,Done
88,s2p,quad,max,1.1,False,0.047,Done
89,s2p,quad,max,1.1,False,0.051,Done
90,s2p,quad,max,1.1,False,0.055,Done
91,s2p,quad,max,1.1,False,0.059,Done
92,s2p,quad,max,1.1,False,0.063,Done
93,s2p,quad,max,1.1,False,0.067,Done
94,s2p,quad,max,1.1,False,0.071,Done
95,s2p,quad,max,1.1,False,0.075,Done
96,s2p,quad,max,1.1,False,0.079,Done
97,s2p,quad,max,1.1,False,0.083,Done
98,s2p,quad,max,1.1,False,0.087,Done
99,s2p,quad,max,1.1,False,0.091,Done
100,s2p,quad,max,1.1,False,0.095,Done
101,s2p,quad,max,1.1,False,0.099,Done
102,s2p,quad,max,1.1,False,0.103,Done
103,s2p,quad,max,1.1,False,0.107,Done
104,s2p,quad,max,1.1,False,0.111,Done
105,s2p,quad,max,1.1,False,0.115,Done
106,s2p,quad,max,1.1,False,0.119,Done
107,s2p,quad,max,1.1,False,0.123,Done
108,s2p,quad,max,1.1,False,0.127,Done
109,s2p,quad,max,1.1,False,0.131,Done
110,s2p,quad,max,1.1,False,0.135,Done
111,s2p,quad,max,1.1,False,0.139,Done
112,s2p,quad,max,1.1,False,0.14300000000000002,Done
113,s2p,quad,max,1.1,False,0.147,Done
114,s2p,quad,max,1.1,False,0.151,Done
115,s2p,quad,min,1.1,False,0.003,Done
116,s2p,quad,min,1.1,False,0.006999999999999999,Done
117,s2p,quad,min,1.1,False,0.011,Done
118,s2p,quad,min,1.1,False,0.015,Done
119,s2p,quad,min,1.1,False,0.019,Done
120,s2p,quad,min,1.1,False,0.023,Done
121,s2p,quad,min,1.1,False,0.027000000000000003,Done
122,s2p,quad,min,1.1,False,0.031,Done
123,s2p,quad,min,1.1,False,0.035,Done
124,s2p,quad,min,1.1,False,0.039,Done
125,s2p,quad,min,1.1,False,0.043,Done
126,s2p,quad,min,1.1,False,0.047,Done
127,s2p,quad,min,1.1,False,0.051,Done
128,s2p,quad,min,1.1,False,0.055,Done
129,s2p,quad,min,1.1,False,0.059,Done
130,s2p,quad,min,1.1,False,0.063,Done
131,s2p,quad,min,1.1,False,0.067,Done
132,s2p,quad,min,1.1,False,0.071,Done
133,s2p,quad,min,1.1,False,0.075,Done
134,s2p,quad,min,1.1,False,0.079,Done
135,s2p,quad,min,1.1,False,0.083,Done
136,s2p,quad,min,1.1,False,0.087,Done
137,s2p,quad,min,1.1,False,0.091,Done
138,s2p,quad,min,1.1,False,0.095,Done
139,s2p,quad,min,1.1,False,0.099,Done
140,s2p,quad,min,1.1,False,0.103,Done
141,s2p,quad,min,1.1,False,0.107,Done
142,s2p,quad,min,1.1,False,0.111,Done
143,s2p,quad,min,1.1,False,0.115,Done
144,s2p,quad,min,1.1,False,0.119,Done
145,s2p,quad,min,1.1,False,0.123,Done
146,s2p,quad,min,1.1,False,0.127,Done
147,s2p,quad,min,1.1,False,0.131,Done
148,s2p,quad,min,1.1,False,0.135,Done
149,s2p,quad,min,1.1,False,0.139,Done
150,s2p,quad,min,1.1,False,0.14300000000000002,Done
151,s2p,quad,min,1.1,False,0.147,Done
152,s2p,quad,min,1.1,False,0.151,Done
153,s2p,quad,median,1.1,False,0.003,Done
154,s2p,quad,median,1.1,False,0.006999999999999999,Done
155,s2p,quad,median,1.1,False,0.011,Done
156,s2p,quad,median,1.1,False,0.015,Done
157,s2p,quad,median,1.1,False,0.019,Done
158,s2p,quad,median,1.1,False,0.023,Done
159,s2p,quad,median,1.1,False,0.027000000000000003,Done
160,s2p,quad,median,1.1,False,0.031,Done
161,s2p,quad,median,1.1,False,0.035,Done
162,s2p,quad,median,1.1,False,0.039,Done
163,s2p,quad,median,1.1,False,0.043,Done
164,s2p,quad,median,1.1,False,0.047,Done
165,s2p,quad,median,1.1,False,0.051,Done
166,s2p,quad,median,1.1,False,0.055,Done
167,s2p,quad,median,1.1,False,0.059,Done
168,s2p,quad,median,1.1,False,0.063,Done
169,s2p,quad,median,1.1,False,0.067,Done
170,s2p,quad,median,1.1,False,0.071,Done
171,s2p,quad,median,1.1,False,0.075,Done
172,s2p,quad,median,1.1,False,0.079,Done
173,s2p,quad,median,1.1,False,0.083,Done
174,s2p,quad,median,1.1,False,0.087,Done
175,s2p,quad,median,1.1,False,0.091,Done
176,s2p,quad,median,1.1,False,0.095,Done
177,s2p,quad,median,1.1,False,0.099,Done
178,s2p,quad,median,1.1,False,0.103,Done
179,s2p,quad,median,1.1,False,0.107,Done
180,s2p,quad,median,1.1,False,0.111,Done
181,s2p,quad,median,1.1,False,0.115,Done
182,s2p,quad,median,1.1,False,0.119,Done
183,s2p,quad,median,1.1,False,0.123,Done
184,s2p,quad,median,1.1,False,0.127,Done
185,s2p,quad,median,1.1,False,0.131,Done
186,s2p,quad,median,1.1,False,0.135,Done
187,s2p,quad,median,1.1,False,0.139,Done
188,s2p,quad,median,1.1,False,0.14300000000000002,Done
189,s2p,quad,median,1.1,False,0.147,Done
190,s2p,quad,median,1.1,False,0.151,Done
191,s2p,quad,average,1.1,False,0.003,Done
192,s2p,quad,average,1.1,False,0.006999999999999999,Done
193,s2p,quad,average,1.1,False,0.011,Done
194,s2p,quad,average,1.1,False,0.015,Done
195,s2p,quad,average,1.1,False,0.019,Done
196,s2p,quad,average,1.1,False,0.023,Done
197,s2p,quad,average,1.1,False,0.027000000000000003,Done
198,s2p,quad,average,1.1,False,0.031,Done
199,s2p,quad,average,1.1,False,0.035,Done
200,s2p,quad,average,1.1,False,0.039,Done
201,s2p,quad,average,1.1,False,0.043,Done
202,s2p,quad,average,1.1,False,0.047,Done
203,s2p,quad,average,1.1,False,0.051,Done
204,s2p,quad,average,1.1,False,0.055,Done
205,s2p,quad,average,1.1,False,0.059,Done
206,s2p,quad,average,1.1,False,0.063,Done
207,s2p,quad,average,1.1,False,0.067,Done
208,s2p,quad,average,1.1,False,0.071,Done
209,s2p,quad,average,1.1,False,0.075,Done
210,s2p,quad,average,1.1,False,0.079,Done
211,s2p,quad,average,1.1,False,0.083,Done
212,s2p,quad,average,1.1,False,0.087,Done
213,s2p,quad,average,1.1,False,0.091,Done
214,s2p,quad,average,1.1,False,0.095,Done
215,s2p,quad,average,1.1,False,0.099,Done
216,s2p,quad,average,1.1,False,0.103,Done
217,s2p,quad,average,1.1,False,0.107,Done
218,s2p,quad,average,1.1,False,0.111,Done
219,s2p,quad,average,1.1,False,0.115,Done
220,s2p,quad,average,1.1,False,0.119,Done
221,s2p,quad,average,1.1,False,0.123,Done
222,s2p,quad,average,1.1,False,0.127,Done
223,s2p,quad,average,1.1,False,0.131,Done
224,s2p,quad,average,1.1,False,0.135,Done
225,s2p,quad,average,1.1,False,0.139,Done
226,s2p,quad,average,1.1,False,0.14300000000000002,Done
227,s2p,quad,average,1.1,False,0.147,Done
228,s2p,quad,average,1.1,False,0.151,Done
305,s2p,quad,max,1.1,True,0.003,Done
306,s2p,quad,max,1.1,True,0.006999999999999999,Done
307,s2p,quad,max,1.1,True,0.011,Done
308,s2p,quad,max,1.1,True,0.015,Done
309,s2p,quad,max,1.1,True,0.019,Done
310,s2p,quad,max,1.1,True,0.023,Done
311,s2p,quad,max,1.1,True,0.027000000000000003,Done
312,s2p,quad,max,1.1,True,0.031,Done
313,s2p,quad,max,1.1,True,0.035,Done
314,s2p,quad,max,1.1,True,0.039,Done
315,s2p,quad,max,1.1,True,0.043,Done
316,s2p,quad,max,1.1,True,0.047,Done
317,s2p,quad,max,1.1,True,0.051,Done
318,s2p,quad,max,1.1,True,0.055,Done
319,s2p,quad,max,1.1,True,0.059,Done
320,s2p,quad,max,1.1,True,0.063,Done
321,s2p,quad,max,1.1,True,0.067,Done
322,s2p,quad,max,1.1,True,0.071,Done
323,s2p,quad,max,1.1,True,0.075,Done
324,s2p,quad,max,1.1,True,0.079,Done
325,s2p,quad,max,1.1,True,0.083,Done
326,s2p,quad,max,1.1,True,0.087,Done
327,s2p,quad,max,1.1,True,0.091,Done
328,s2p,quad,max,1.1,True,0.095,Done
329,s2p,quad,max,1.1,True,0.099,Done
330,s2p,quad,max,1.1,True,0.103,Done
331,s2p,quad,max,1.1,True,0.107,Done
332,s2p,quad,max,1.1,True,0.111,Done
333,s2p,quad,max,1.1,True,0.115,Done
334,s2p,quad,max,1.1,True,0.119,Done
335,s2p,quad,max,1.1,True,0.123,Done
336,s2p,quad,max,1.1,True,0.127,Done
337,s2p,quad,max,1.1,True,0.131,Done
338,s2p,quad,max,1.1,True,0.135,Done
339,s2p,quad,max,1.1,True,0.139,Done
340,s2p,quad,max,1.1,True,0.14300000000000002,Done
341,s2p,quad,max,1.1,True,0.147,Done
342,s2p,quad,max,1.1,True,0.151,Done
343,s2p,expo,max,1.1,True,0.003,Done
344,s2p,expo,max,1.1,True,0.006999999999999999,Done
345,s2p,expo,max,1.1,True,0.011,Done
346,s2p,expo,max,1.1,True,0.015,Done
347,s2p,expo,max,1.1,True,0.019,Done
348,s2p,expo,max,1.1,True,0.023,Done
349,s2p,expo,max,1.1,True,0.027000000000000003,Done
350,s2p,expo,max,1.1,True,0.031,Done
351,s2p,expo,max,1.1,True,0.035,Done
352,s2p,expo,max,1.1,True,0.039,Done
353,s2p,expo,max,1.1,True,0.043,Done
354,s2p,expo,max,1.1,True,0.047,Done
355,s2p,expo,max,1.1,True,0.051,Done
356,s2p,expo,max,1.1,True,0.055,Done
357,s2p,expo,max,1.1,True,0.059,Done
358,s2p,expo,max,1.1,True,0.063,Done
359,s2p,expo,max,1.1,True,0.067,Done
360,s2p,expo,max,1.1,True,0.071,Done
361,s2p,expo,max,1.1,True,0.075,Done
362,s2p,expo,max,1.1,True,0.079,Done
363,s2p,expo,max,1.1,True,0.083,Done
364,s2p,expo,max,1.1,True,0.087,Done
365,s2p,expo,max,1.1,True,0.091,Done
366,s2p,expo,max,1.1,True,0.095,Done
367,s2p,expo,max,1.1,True,0.099,Done
368,s2p,expo,max,1.1,True,0.103,Done
369,s2p,expo,max,1.1,True,0.107,Done
370,s2p,expo,max,1.1,True,0.111,Done
371,s2p,expo,max,1.1,True,0.115,Done
372,s2p,expo,max,1.1,True,0.119,Done
373,s2p,expo,max,1.1,True,0.123,Done
374,s2p,expo,max,1.1,True,0.127,Done
375,s2p,expo,max,1.1,True,0.131,Done
376,s2p,expo,max,1.1,True,0.135,Done
377,s2p,expo,max,1.1,True,0.139,Done
378,s2p,expo,max,1.1,True,0.14300000000000002,Done
379,s2p,expo,max,1.1,True,0.147,Done
380,s2p,expo,max,1.1,True,0.151,Done
495,s2p,expo,no_function,1.1,False,0.003,Done
496,s2p,expo,no_function,1.1,False,0.006999999999999999,Done
497,s2p,expo,no_function,1.1,False,0.011,Done
498,s2p,expo,no_function,1.1,False,0.015,Done
499,s2p,expo,no_function,1.1,False,0.019,Done
500,s2p,expo,no_function,1.1,False,0.023,Done
501,s2p,expo,no_function,1.1,False,0.027000000000000003,Done
502,s2p,expo,no_function,1.1,False,0.031,Done
503,s2p,expo,no_function,1.1,False,0.035,Done
504,s2p,expo,no_function,1.1,False,0.039,Done
505,s2p,expo,no_function,1.1,False,0.043,Done
506,s2p,expo,no_function,1.1,False,0.047,Done
507,s2p,expo,no_function,1.1,False,0.051,Done
508,s2p,expo,no_function,1.1,False,0.055,Done
509,s2p,expo,no_function,1.1,False,0.059,Done
510,s2p,expo,no_function,1.1,False,0.063,Done
511,s2p,expo,no_function,1.1,False,0.067,Done
512,s2p,expo,no_function,1.1,False,0.071,Done
513,s2p,expo,no_function,1.1,False,0.075,Done
514,s2p,expo,no_function,1.1,False,0.079,Done
515,s2p,expo,no_function,1.1,False,0.083,Done
516,s2p,expo,no_function,1.1,False,0.087,Done
517,s2p,expo,no_function,1.1,False,0.091,Done
518,s2p,expo,no_function,1.1,False,0.095,Done
519,s2p,expo,no_function,1.1,False,0.099,Done
520,s2p,expo,no_function,1.1,False,0.103,Done
521,s2p,expo,no_function,1.1,False,0.107,Done
522,s2p,expo,no_function,1.1,False,0.111,Done
523,s2p,expo,no_function,1.1,False,0.115,Done
524,s2p,expo,no_function,1.1,False,0.119,Done
525,s2p,expo,no_function,1.1,False,0.123,Done
526,s2p,expo,no_function,1.1,False,0.127,Done
527,s2p,expo,no_function,1.1,False,0.131,Done
528,s2p,expo,no_function,1.1,False,0.135,Done
529,s2p,expo,no_function,1.1,False,0.139,Done
530,s2p,expo,no_function,1.1,False,0.14300000000000002,Done
531,s2p,expo,no_function,1.1,False,0.147,Done
532,s2p,expo,no_function,1.1,False,0.151,Done
533,s2p,expo,inverse,1.0000711,False,0.003,Done
534,s2p,expo,inverse,1.000072521,False,0.006999999999999999,Done
535,s2p,expo,inverse,1.00072431,False,0.011,Done
536,s2p,expo,inverse,1.00072691,False,0.015,Done
537,s2p,expo,inverse,1.00073348,False,0.019,Done
538,s2p,expo,inverse,1.00074017,False,0.023,Done
539,s2p,expo,inverse,1.00074837,False,0.027000000000000003,Done
540,s2p,expo,inverse,1.00075817,False,0.031,Done
541,s2p,expo,inverse,1.000781549,False,0.035,Done
542,s2p,expo,inverse,1.000801636,False,0.039,Done
543,s2p,expo,inverse,1.000829519,False,0.043,Done
544,s2p,expo,inverse,1.000542519,False,0.047,Done
545,s2p,expo,inverse,1.000741919,False,0.051,Done
546,s2p,expo,inverse,1.000904275,False,0.055,Done
547,s2p,expo,inverse,1.001086505,False,0.059,Done
548,s2p,expo,inverse,1.001291579,False,0.063,Done
549,s2p,expo,inverse,1.001647679,False,0.067,Done
550,s2p,expo,inverse,1.001914589,False,0.071,Done
551,s2p,expo,inverse,1.002206919,False,0.075,Done
552,s2p,expo,inverse,1.002518079,False,0.079,Done
553,s2p,expo,inverse,1.003024159,False,0.083,Done
554,s2p,expo,inverse,1.003379969,False,0.087,Done
555,s2p,expo,inverse,1.003751769,False,0.091,Done
556,s2p,expo,inverse,1.004134099,False,0.095,Done
557,s2p,expo,inverse,1.0047254490000002,False,0.099,Done
558,s2p,expo,inverse,1.005128689,False,0.103,Done
559,s2p,expo,inverse,1.005536159,False,0.107,Done
560,s2p,expo,inverse,1.005947209,False,0.111,Done
561,s2p,expo,inverse,1.006568449,False,0.115,Done
562,s2p,expo,inverse,1.006983559,False,0.119,Done
563,s2p,expo,inverse,1.0073993490000002,False,0.123,Done
564,s2p,expo,inverse,1.007814629,False,0.127,Done
565,s2p,expo,inverse,1.008229389,False,0.131,Done
566,s2p,expo,inverse,1.008849439,False,0.135,Done
567,s2p,expo,inverse,1.009261219,False,0.139,Done
568,s2p,expo,inverse,1.009671559,False,0.14300000000000002,Done
569,s2p,expo,inverse,1.010080329,False,0.147,Done
570,s2p,expo,inverse,1.010690439,False,0.151,Done
571,s2p,expo,max,1.1,False,0.003,Done
572,s2p,expo,max,1.1,False,0.006999999999999999,Done
573,s2p,expo,max,1.1,False,0.011,Done
574,s2p,expo,max,1.1,False,0.015,Done
575,s2p,expo,max,1.1,False,0.019,Done
576,s2p,expo,max,1.1,False,0.023,Done
577,s2p,expo,max,1.1,False,0.027000000000000003,Done
578,s2p,expo,max,1.1,False,0.031,Done
579,s2p,expo,max,1.1,False,0.035,Done
580,s2p,expo,max,1.1,False,0.039,Done
581,s2p,expo,max,1.1,False,0.043,Done
582,s2p,expo,max,1.1,False,0.047,Done
583,s2p,expo,max,1.1,False,0.051,Done
584,s2p,expo,max,1.1,False,0.055,Done
585,s2p,expo,max,1.1,False,0.059,Done
586,s2p,expo,max,1.1,False,0.063,Done
587,s2p,expo,max,1.1,False,0.067,Done
588,s2p,expo,max,1.1,False,0.071,Done
589,s2p,expo,max,1.1,False,0.075,Done
590,s2p,expo,max,1.1,False,0.079,Done
591,s2p,expo,max,1.1,False,0.083,Done
592,s2p,expo,max,1.1,False,0.087,Done
593,s2p,expo,max,1.1,False,0.091,Done
594,s2p,expo,max,1.1,False,0.095,Done
595,s2p,expo,max,1.1,False,0.099,Done
596,s2p,expo,max,1.1,False,0.103,Done
597,s2p,expo,max,1.1,False,0.107,Done
598,s2p,expo,max,1.1,False,0.111,Done
599,s2p,expo,max,1.1,False,0.115,Done
600,s2p,expo,max,1.1,False,0.119,Done
601,s2p,expo,max,1.1,False,0.123,Done
602,s2p,expo,max,1.1,False,0.127,Done
603,s2p,expo,max,1.1,False,0.131,Done
604,s2p,expo,max,1.1,False,0.135,Done
605,s2p,expo,max,1.1,False,0.139,Done
606,s2p,expo,max,1.1,False,0.14300000000000002,Done
607,s2p,expo,max,1.1,False,0.147,Done
608,s2p,expo,max,1.1,False,0.151,Done
609,s2p,expo,min,1.1,False,0.003,Done
610,s2p,expo,min,1.1,False,0.006999999999999999,Done
611,s2p,expo,min,1.1,False,0.011,Done
612,s2p,expo,min,1.1,False,0.015,Done
613,s2p,expo,min,1.1,False,0.019,Done
614,s2p,expo,min,1.1,False,0.023,Done
615,s2p,expo,min,1.1,False,0.027000000000000003,Done
616,s2p,expo,min,1.1,False,0.031,Done
617,s2p,expo,min,1.1,False,0.035,Done
618,s2p,expo,min,1.1,False,0.039,Done
619,s2p,expo,min,1.1,False,0.043,Done
620,s2p,expo,min,1.1,False,0.047,Done
621,s2p,expo,min,1.1,False,0.051,Done
622,s2p,expo,min,1.1,False,0.055,Done
623,s2p,expo,min,1.1,False,0.059,Done
624,s2p,expo,min,1.1,False,0.063,Done
625,s2p,expo,min,1.1,False,0.067,Done
626,s2p,expo,min,1.1,False,0.071,Done
627,s2p,expo,min,1.1,False,0.075,Done
628,s2p,expo,min,1.1,False,0.079,Done
629,s2p,expo,min,1.1,False,0.083,Done
630,s2p,expo,min,1.1,False,0.087,Done
631,s2p,expo,min,1.1,False,0.091,Done
632,s2p,expo,min,1.1,False,0.095,Done
633,s2p,expo,min,1.1,False,0.099,Done
634,s2p,expo,min,1.1,False,0.103,Done
635,s2p,expo,min,1.1,False,0.107,Done
636,s2p,expo,min,1.1,False,0.111,Done
637,s2p,expo,min,1.1,False,0.115,Done
638,s2p,expo,min,1.1,False,0.119,Done
639,s2p,expo,min,1.1,False,0.123,Done
640,s2p,expo,min,1.1,False,0.127,Done
641,s2p,expo,min,1.1,False,0.131,Done
642,s2p,expo,min,1.1,False,0.135,Done
643,s2p,expo,min,1.1,False,0.139,Done
644,s2p,expo,min,1.1,False,0.14300000000000002,Done
645,s2p,expo,min,1.1,False,0.147,Done
646,s2p,expo,min,1.1,False,0.151,Done
647,s2p,expo,median,1.1,False,0.003,Done
648,s2p,expo,median,1.1,False,0.006999999999999999,Done
649,s2p,expo,median,1.1,False,0.011,Done
650,s2p,expo,median,1.1,False,0.015,Done
651,s2p,expo,median,1.1,False,0.019,Done
652,s2p,expo,median,1.1,False,0.023,Done
653,s2p,expo,median,1.1,False,0.027000000000000003,Done
654,s2p,expo,median,1.1,False,0.031,Done
655,s2p,expo,median,1.1,False,0.035,Done
656,s2p,expo,median,1.1,False,0.039,Done
657,s2p,expo,median,1.1,False,0.043,Done
658,s2p,expo,median,1.1,False,0.047,Done
659,s2p,expo,median,1.1,False,0.051,Done
660,s2p,expo,median,1.1,False,0.055,Done
661,s2p,expo,median,1.1,False,0.059,Done
662,s2p,expo,median,1.1,False,0.063,Done
663,s2p,expo,median,1.1,False,0.067,Done
664,s2p,expo,median,1.1,False,0.071,Done
665,s2p,expo,median,1.1,False,0.075,Done
666,s2p,expo,median,1.1,False,0.079,Done
667,s2p,expo,median,1.1,False,0.083,Done
668,s2p,expo,median,1.1,False,0.087,Done
669,s2p,expo,median,1.1,False,0.091,Done
670,s2p,expo,median,1.1,False,0.095,Done
671,s2p,expo,median,1.1,False,0.099,Done
672,s2p,expo,median,1.1,False,0.103,Done
673,s2p,expo,median,1.1,False,0.107,Done
674,s2p,expo,median,1.1,False,0.111,Done
675,s2p,expo,median,1.1,False,0.115,Done
676,s2p,expo,median,1.1,False,0.119,Done
677,s2p,expo,median,1.1,False,0.123,Done
678,s2p,expo,median,1.1,False,0.127,Done
679,s2p,expo,median,1.1,False,0.131,Done
680,s2p,expo,median,1.1,False,0.135,Done
681,s2p,expo,median,1.1,False,0.139,Done
682,s2p,expo,median,1.1,False,0.14300000000000002,Done
683,s2p,expo,median,1.1,False,0.147,Done
684,s2p,expo,median,1.1,False,0.151,Done
685,s2p,expo,average,1.1,False,0.003,Done
686,s2p,expo,average,1.1,False,0.006999999999999999,Done
687,s2p,expo,average,1.1,False,0.011,Done
688,s2p,expo,average,1.1,False,0.015,Done
689,s2p,expo,average,1.1,False,0.019,Done
690,s2p,expo,average,1.1,False,0.023,Done
691,s2p,expo,average,1.1,False,0.027000000000000003,Done
692,s2p,expo,average,1.1,False,0.031,Done
693,s2p,expo,average,1.1,False,0.035,Done
694,s2p,expo,average,1.1,False,0.039,Done
695,s2p,expo,average,1.1,False,0.043,Done
696,s2p,expo,average,1.1,False,0.047,Done
697,s2p,expo,average,1.1,False,0.051,Done
698,s2p,expo,average,1.1,False,0.055,Done
699,s2p,expo,average,1.1,False,0.059,Done
700,s2p,expo,average,1.1,False,0.063,Done
701,s2p,expo,average,1.1,False,0.067,Done
702,s2p,expo,average,1.1,False,0.071,Done
703,s2p,expo,average,1.1,False,0.075,Done
704,s2p,expo,average,1.1,False,0.079,Done
705,s2p,expo,average,1.1,False,0.083,Done
706,s2p,expo,average,1.1,False,0.087,Done
707,s2p,expo,average,1.1,False,0.091,Done
708,s2p,expo,average,1.1,False,0.095,Done
709,s2p,expo,average,1.1,False,0.099,Done
710,s2p,expo,average,1.1,False,0.103,Done
711,s2p,expo,average,1.1,False,0.107,Done
712,s2p,expo,average,1.1,False,0.111,Done
713,s2p,expo,average,1.1,False,0.115,Done
714,s2p,expo,average,1.1,False,0.119,Done
715,s2p,expo,average,1.1,False,0.123,Done
716,s2p,expo,average,1.1,False,0.127,Done
717,s2p,expo,average,1.1,False,0.131,Done
718,s2p,expo,average,1.1,False,0.135,Done
719,s2p,expo,average,1.1,False,0.139,Done
720,s2p,expo,average,1.1,False,0.14300000000000002,Done
721,s2p,expo,average,1.1,False,0.147,Done
722,s2p,expo,average,1.1,False,0.151,Done
723,s2p,quad,no_function,1.2,False,0.003,Done
724,s2p,quad,no_function,1.2,False,0.006999999999999999,Done
725,s2p,quad,no_function,1.2,False,0.011,Done
726,s2p,quad,no_function,1.2,False,0.015,Done
727,s2p,quad,no_function,1.2,False,0.019,Done
728,s2p,quad,no_function,1.2,False,0.023,Done
729,s2p,quad,no_function,1.2,False,0.027000000000000003,Done
730,s2p,quad,no_function,1.2,False,0.031,Done
731,s2p,quad,no_function,1.2,False,0.035,Done
732,s2p,quad,no_function,1.2,False,0.039,Done
733,s2p,quad,no_function,1.2,False,0.043,Done
734,s2p,quad,no_function,1.2,False,0.047,Done
735,s2p,quad,no_function,1.2,False,0.051,Done
736,s2p,quad,no_function,1.2,False,0.055,Done
737,s2p,quad,no_function,1.2,False,0.059,Done
738,s2p,quad,no_function,1.2,False,0.063,Done
739,s2p,quad,no_function,1.2,False,0.067,Done
740,s2p,quad,no_function,1.2,False,0.071,Done
741,s2p,quad,no_function,1.2,False,0.075,Done
742,s2p,quad,no_function,1.2,False,0.079,Done
743,s2p,quad,no_function,1.2,False,0.083,Done
744,s2p,quad,no_function,1.2,False,0.087,Done
745,s2p,quad,no_function,1.2,False,0.091,Done
746,s2p,quad,no_function,1.2,False,0.095,Done
747,s2p,quad,no_function,1.2,False,0.099,Done
748,s2p,quad,no_function,1.2,False,0.103,Done
749,s2p,quad,no_function,1.2,False,0.107,Done
750,s2p,quad,no_function,1.2,False,0.111,Done
751,s2p,quad,no_function,1.2,False,0.115,Done
752,s2p,quad,no_function,1.2,False,0.119,Done
753,s2p,quad,no_function,1.2,False,0.123,Done
754,s2p,quad,no_function,1.2,False,0.127,Done
755,s2p,quad,no_function,1.2,False,0.131,Done
756,s2p,quad,no_function,1.2,False,0.135,Done
757,s2p,quad,no_function,1.2,False,0.139,Done
758,s2p,quad,no_function,1.2,False,0.14300000000000002,Done
759,s2p,quad,no_function,1.2,False,0.147,Done
760,s2p,quad,no_function,1.2,False,0.151,Done
761,s2p,quad,inverse,0.0640754,False,0.003,Done
762,s2p,quad,inverse,0.0641847,False,0.006999999999999999,Done
763,s2p,quad,inverse,0.06444580000000001,False,0.011,Done
764,s2p,quad,inverse,0.0648347,False,0.015,Done
765,s2p,quad,inverse,0.0657869,False,0.019,Done
766,s2p,quad,inverse,0.06673943,False,0.023,Done
767,s2p,quad,inverse,0.06804905,False,0.027000000000000003,Done
768,s2p,quad,inverse,0.06988226,False,0.031,Done
769,s2p,quad,inverse,0.07444184,False,0.035,Done
770,s2p,quad,inverse,0.08049810000000003,False,0.039,Done
771,s2p,quad,inverse,0.09609299,False,0.043,Done
772,s2p,quad,inverse,0.14660710000000002,False,0.047,Done
773,s2p,quad,inverse,0.15574376,False,0.051,Done
774,s2p,quad,inverse,0.16693408,False,0.055,Done
775,s2p,quad,inverse,0.19241018,False,0.059,Done
776,s2p,quad,inverse,0.2047635,False,0.063,Done
777,s2p,quad,inverse,0.22560276,False,0.067,Done
778,s2p,quad,inverse,0.24229124,False,0.071,Done
779,s2p,quad,inverse,0.25434627,False,0.075,Done
780,s2p,quad,inverse,0.27127812,False,0.079,Done
781,s2p,quad,inverse,0.29057842,False,0.083,Done
782,s2p,quad,inverse,0.30318546,False,0.087,Done
783,s2p,quad,inverse,0.31740773,False,0.091,Done
784,s2p,quad,inverse,0.32874638,False,0.095,Done
785,s2p,quad,inverse,0.34708979,False,0.099,Done
786,s2p,quad,inverse,0.35921809,False,0.103,Done
787,s2p,quad,inverse,0.37113711,False,0.107,Done
788,s2p,quad,inverse,0.38193722,False,0.111,Done
789,s2p,quad,inverse,0.39861613,False,0.115,Done
790,s2p,quad,inverse,0.40896745,False,0.119,Done
791,s2p,quad,inverse,0.41917945,False,0.123,Done
792,s2p,quad,inverse,0.42933996,False,0.127,Done
793,s2p,quad,inverse,0.43911395,False,0.131,Done
794,s2p,quad,inverse,0.45358375,False,0.135,Done
795,s2p,quad,inverse,0.46282859,False,0.139,Done
796,s2p,quad,inverse,0.47192858,False,0.14300000000000002,Done
797,s2p,quad,inverse,0.48081182,False,0.147,Done
798,s2p,quad,inverse,0.493864971,False,0.151,Done
799,s2p,quad,max,1.2,False,0.003,Done
800,s2p,quad,max,1.2,False,0.006999999999999999,Done
801,s2p,quad,max,1.2,False,0.011,Done
802,s2p,quad,max,1.2,False,0.015,Done
803,s2p,quad,max,1.2,False,0.019,Done
804,s2p,quad,max,1.2,False,0.023,Done
805,s2p,quad,max,1.2,False,0.027000000000000003,Done
806,s2p,quad,max,1.2,False,0.031,Done
807,s2p,quad,max,1.2,False,0.035,Done
808,s2p,quad,max,1.2,False,0.039,Done
809,s2p,quad,max,1.2,False,0.043,Done
810,s2p,quad,max,1.2,False,0.047,Done
811,s2p,quad,max,1.2,False,0.051,Done
812,s2p,quad,max,1.2,False,0.055,Done
813,s2p,quad,max,1.2,False,0.059,Done
814,s2p,quad,max,1.2,False,0.063,Done
815,s2p,quad,max,1.2,False,0.067,Done
816,s2p,quad,max,1.2,False,0.071,Done
817,s2p,quad,max,1.2,False,0.075,Done
818,s2p,quad,max,1.2,False,0.079,Done
819,s2p,quad,max,1.2,False,0.083,Done
820,s2p,quad,max,1.2,False,0.087,Done
821,s2p,quad,max,1.2,False,0.091,Done
822,s2p,quad,max,1.2,False,0.095,Done
823,s2p,quad,max,1.2,False,0.099,Done
824,s2p,quad,max,1.2,False,0.103,Done
825,s2p,quad,max,1.2,False,0.107,Done
826,s2p,quad,max,1.2,False,0.111,Done
827,s2p,quad,max,1.2,False,0.115,Done
828,s2p,quad,max,1.2,False,0.119,Done
829,s2p,quad,max,1.2,False,0.123,Done
830,s2p,quad,max,1.2,False,0.127,Done
831,s2p,quad,max,1.2,False,0.131,Done
832,s2p,quad,max,1.2,False,0.135,Done
833,s2p,quad,max,1.2,False,0.139,Done
834,s2p,quad,max,1.2,False,0.14300000000000002,Done
835,s2p,quad,max,1.2,False,0.147,Done
836,s2p,quad,max,1.2,False,0.151,Done
837,s2p,quad,min,1.2,False,0.003,Done
838,s2p,quad,min,1.2,False,0.006999999999999999,Done
839,s2p,quad,min,1.2,False,0.011,Done
840,s2p,quad,min,1.2,False,0.015,Done
841,s2p,quad,min,1.2,False,0.019,Done
842,s2p,quad,min,1.2,False,0.023,Done
843,s2p,quad,min,1.2,False,0.027000000000000003,Done
844,s2p,quad,min,1.2,False,0.031,Done
845,s2p,quad,min,1.2,False,0.035,Done
846,s2p,quad,min,1.2,False,0.039,Done
847,s2p,quad,min,1.2,False,0.043,Done
848,s2p,quad,min,1.2,False,0.047,Done
849,s2p,quad,min,1.2,False,0.051,Done
850,s2p,quad,min,1.2,False,0.055,Done
851,s2p,quad,min,1.2,False,0.059,Done
852,s2p,quad,min,1.2,False,0.063,Done
853,s2p,quad,min,1.2,False,0.067,Done
854,s2p,quad,min,1.2,False,0.071,Done
855,s2p,quad,min,1.2,False,0.075,Done
856,s2p,quad,min,1.2,False,0.079,Done
857,s2p,quad,min,1.2,False,0.083,Done
858,s2p,quad,min,1.2,False,0.087,Done
859,s2p,quad,min,1.2,False,0.091,Done
860,s2p,quad,min,1.2,False,0.095,Done
861,s2p,quad,min,1.2,False,0.099,Done
862,s2p,quad,min,1.2,False,0.103,Done
863,s2p,quad,min,1.2,False,0.107,Done
864,s2p,quad,min,1.2,False,0.111,Done
865,s2p,quad,min,1.2,False,0.115,Done
866,s2p,quad,min,1.2,False,0.119,Done
867,s2p,quad,min,1.2,False,0.123,Done
868,s2p,quad,min,1.2,False,0.127,Done
869,s2p,quad,min,1.2,False,0.131,Done
870,s2p,quad,min,1.2,False,0.135,Done
871,s2p,quad,min,1.2,False,0.139,Done
872,s2p,quad,min,1.2,False,0.14300000000000002,Done
873,s2p,quad,min,1.2,False,0.147,Done
874,s2p,quad,min,1.2,False,0.151,Done
875,s2p,quad,median,1.2,False,0.003,Done
876,s2p,quad,median,1.2,False,0.006999999999999999,Done
877,s2p,quad,median,1.2,False,0.011,Done
878,s2p,quad,median,1.2,False,0.015,Done
879,s2p,quad,median,1.2,False,0.019,Done
880,s2p,quad,median,1.2,False,0.023,Done
881,s2p,quad,median,1.2,False,0.027000000000000003,Done
882,s2p,quad,median,1.2,False,0.031,Done
883,s2p,quad,median,1.2,False,0.035,Done
884,s2p,quad,median,1.2,False,0.039,Done
885,s2p,quad,median,1.2,False,0.043,Done
886,s2p,quad,median,1.2,False,0.047,Done
887,s2p,quad,median,1.2,False,0.051,Done
888,s2p,quad,median,1.2,False,0.055,Done
889,s2p,quad,median,1.2,False,0.059,Done
890,s2p,quad,median,1.2,False,0.063,Done
891,s2p,quad,median,1.2,False,0.067,Done
892,s2p,quad,median,1.2,False,0.071,Done
893,s2p,quad,median,1.2,False,0.075,Done
894,s2p,quad,median,1.2,False,0.079,Done
895,s2p,quad,median,1.2,False,0.083,Done
896,s2p,quad,median,1.2,False,0.087,Done
897,s2p,quad,median,1.2,False,0.091,Done
898,s2p,quad,median,1.2,False,0.095,Done
899,s2p,quad,median,1.2,False,0.099,Done
900,s2p,quad,median,1.2,False,0.103,Done
901,s2p,quad,median,1.2,False,0.107,Done
902,s2p,quad,median,1.2,False,0.111,Done
903,s2p,quad,median,1.2,False,0.115,Done
904,s2p,quad,median,1.2,False,0.119,Done
905,s2p,quad,median,1.2,False,0.123,Done
906,s2p,quad,median,1.2,False,0.127,Done
907,s2p,quad,median,1.2,False,0.131,Done
908,s2p,quad,median,1.2,False,0.135,Done
909,s2p,quad,median,1.2,False,0.139,Done
910,s2p,quad,median,1.2,False,0.14300000000000002,Done
911,s2p,quad,median,1.2,False,0.147,Done
912,s2p,quad,median,1.2,False,0.151,Done
913,s2p,quad,average,1.2,False,0.003,Done
914,s2p,quad,average,1.2,False,0.006999999999999999,Done
915,s2p,quad,average,1.2,False,0.011,Done
916,s2p,quad,average,1.2,False,0.015,Done
917,s2p,quad,average,1.2,False,0.019,Done
918,s2p,quad,average,1.2,False,0.023,Done
919,s2p,quad,average,1.2,False,0.027000000000000003,Done
920,s2p,quad,average,1.2,False,0.031,Done
921,s2p,quad,average,1.2,False,0.035,Done
922,s2p,quad,average,1.2,False,0.039,Done
923,s2p,quad,average,1.2,False,0.043,Done
924,s2p,quad,average,1.2,False,0.047,Done
925,s2p,quad,average,1.2,False,0.051,Done
926,s2p,quad,average,1.2,False,0.055,Done
927,s2p,quad,average,1.2,False,0.059,Done
928,s2p,quad,average,1.2,False,0.063,Done
929,s2p,quad,average,1.2,False,0.067,Done
930,s2p,quad,average,1.2,False,0.071,Done
931,s2p,quad,average,1.2,False,0.075,Done
932,s2p,quad,average,1.2,False,0.079,Done
933,s2p,quad,average,1.2,False,0.083,Done
934,s2p,quad,average,1.2,False,0.087,Done
935,s2p,quad,average,1.2,False,0.091,Done
936,s2p,quad,average,1.2,False,0.095,Done
937,s2p,quad,average,1.2,False,0.099,Done
938,s2p,quad,average,1.2,False,0.103,Done
939,s2p,quad,average,1.2,False,0.107,Done
940,s2p,quad,average,1.2,False,0.111,Done
941,s2p,quad,average,1.2,False,0.115,Done
942,s2p,quad,average,1.2,False,0.119,Done
943,s2p,quad,average,1.2,False,0.123,Done
944,s2p,quad,average,1.2,False,0.127,Done
945,s2p,quad,average,1.2,False,0.131,Done
946,s2p,quad,average,1.2,False,0.135,Done
947,s2p,quad,average,1.2,False,0.139,Done
948,s2p,quad,average,1.2,False,0.14300000000000002,Done
949,s2p,quad,average,1.2,False,0.147,Done
950,s2p,quad,average,1.2,False,0.151,Done
1027,s2p,quad,max,1.2,True,0.003,Done
1028,s2p,quad,max,1.2,True,0.006999999999999999,Done
1029,s2p,quad,max,1.2,True,0.011,Done
1030,s2p,quad,max,1.2,True,0.015,Done
1031,s2p,quad,max,1.2,True,0.019,Done
1032,s2p,quad,max,1.2,True,0.023,Done
1033,s2p,quad,max,1.2,True,0.027000000000000003,Done
1034,s2p,quad,max,1.2,True,0.031,Done
1035,s2p,quad,max,1.2,True,0.035,Done
1036,s2p,quad,max,1.2,True,0.039,Done
1037,s2p,quad,max,1.2,True,0.043,Done
1038,s2p,quad,max,1.2,True,0.047,Done
1039,s2p,quad,max,1.2,True,0.051,Done
1040,s2p,quad,max,1.2,True,0.055,Done
1041,s2p,quad,max,1.2,True,0.059,Done
1042,s2p,quad,max,1.2,True,0.063,Done
1043,s2p,quad,max,1.2,True,0.067,Done
1044,s2p,quad,max,1.2,True,0.071,Done
1045,s2p,quad,max,1.2,True,0.075,Done
1046,s2p,quad,max,1.2,True,0.079,Done
1047,s2p,quad,max,1.2,True,0.083,Done
1048,s2p,quad,max,1.2,True,0.087,Done
1049,s2p,quad,max,1.2,True,0.091,Done
1050,s2p,quad,max,1.2,True,0.095,Done
1051,s2p,quad,max,1.2,True,0.099,Done
1052,s2p,quad,max,1.2,True,0.103,Done
1053,s2p,quad,max,1.2,True,0.107,Done
1054,s2p,quad,max,1.2,True,0.111,Done
1055,s2p,quad,max,1.2,True,0.115,Done
1056,s2p,quad,max,1.2,True,0.119,Done
1057,s2p,quad,max,1.2,True,0.123,Done
1058,s2p,quad,max,1.2,True,0.127,Done
1059,s2p,quad,max,1.2,True,0.131,Done
1060,s2p,quad,max,1.2,True,0.135,Done
1061,s2p,quad,max,1.2,True,0.139,Done
1062,s2p,quad,max,1.2,True,0.14300000000000002,Done
1063,s2p,quad,max,1.2,True,0.147,Done
1064,s2p,quad,max,1.2,True,0.151,Done
1065,s2p,expo,max,1.2,True,0.003,Done
1066,s2p,expo,max,1.2,True,0.006999999999999999,Done
1067,s2p,expo,max,1.2,True,0.011,Done
1068,s2p,expo,max,1.2,True,0.015,Done
1069,s2p,expo,max,1.2,True,0.019,Done
1070,s2p,expo,max,1.2,True,0.023,Done
1071,s2p,expo,max,1.2,True,0.027000000000000003,Done
1072,s2p,expo,max,1.2,True,0.031,Done
1073,s2p,expo,max,1.2,True,0.035,Done
1074,s2p,expo,max,1.2,True,0.039,Done
1075,s2p,expo,max,1.2,True,0.043,Done
1076,s2p,expo,max,1.2,True,0.047,Done
1077,s2p,expo,max,1.2,True,0.051,Done
1078,s2p,expo,max,1.2,True,0.055,Done
1079,s2p,expo,max,1.2,True,0.059,Done
1080,s2p,expo,max,1.2,True,0.063,Done
1081,s2p,expo,max,1.2,True,0.067,Done
1082,s2p,expo,max,1.2,True,0.071,Done
1083,s2p,expo,max,1.2,True,0.075,Done
1084,s2p,expo,max,1.2,True,0.079,Done
1085,s2p,expo,max,1.2,True,0.083,Done
1086,s2p,expo,max,1.2,True,0.087,Done
1087,s2p,expo,max,1.2,True,0.091,Done
1088,s2p,expo,max,1.2,True,0.095,Done
1089,s2p,expo,max,1.2,True,0.099,skipped
1090,s2p,expo,max,1.2,True,0.103,skipped
1091,s2p,expo,max,1.2,True,0.107,skipped
1092,s2p,expo,max,1.2,True,0.111,skipped
1093,s2p,expo,max,1.2,True,0.115,skipped
1094,s2p,expo,max,1.2,True,0.119,skipped
1095,s2p,expo,max,1.2,True,0.123,skipped
1096,s2p,expo,max,1.2,True,0.127,skipped
1097,s2p,expo,max,1.2,True,0.131,skipped
1098,s2p,expo,max,1.2,True,0.135,skipped
1099,s2p,expo,max,1.2,True,0.139,skipped
1100,s2p,expo,max,1.2,True,0.14300000000000002,skipped
1101,s2p,expo,max,1.2,True,0.147,skipped
1102,s2p,expo,max,1.2,True,0.151,skipped
1217,s2p,expo,no_function,1.2,False,0.003,Done
1218,s2p,expo,no_function,1.2,False,0.006999999999999999,Done
1219,s2p,expo,no_function,1.2,False,0.011,Done
1220,s2p,expo,no_function,1.2,False,0.015,Done
1221,s2p,expo,no_function,1.2,False,0.019,Done
1222,s2p,expo,no_function,1.2,False,0.023,Done
1223,s2p,expo,no_function,1.2,False,0.027000000000000003,Done
1224,s2p,expo,no_function,1.2,False,0.031,Done
1225,s2p,expo,no_function,1.2,False,0.035,Done
1226,s2p,expo,no_function,1.2,False,0.039,Done
1227,s2p,expo,no_function,1.2,False,0.043,Done
1228,s2p,expo,no_function,1.2,False,0.047,Done
1229,s2p,expo,no_function,1.2,False,0.051,Done
1230,s2p,expo,no_function,1.2,False,0.055,Done
1231,s2p,expo,no_function,1.2,False,0.059,Done
1232,s2p,expo,no_function,1.2,False,0.063,Done
1233,s2p,expo,no_function,1.2,False,0.067,Done
1234,s2p,expo,no_function,1.2,False,0.071,Done
1235,s2p,expo,no_function,1.2,False,0.075,Done
1236,s2p,expo,no_function,1.2,False,0.079,Done
1237,s2p,expo,no_function,1.2,False,0.083,Done
1238,s2p,expo,no_function,1.2,False,0.087,Done
1239,s2p,expo,no_function,1.2,False,0.091,Done
1240,s2p,expo,no_function,1.2,False,0.095,Done
1241,s2p,expo,no_function,1.2,False,0.099,skipped
1242,s2p,expo,no_function,1.2,False,0.103,skipped
1243,s2p,expo,no_function,1.2,False,0.107,skipped
1244,s2p,expo,no_function,1.2,False,0.111,skipped
1245,s2p,expo,no_function,1.2,False,0.115,skipped
1246,s2p,expo,no_function,1.2,False,0.119,skipped
1247,s2p,expo,no_function,1.2,False,0.123,skipped
1248,s2p,expo,no_function,1.2,False,0.127,skipped
1249,s2p,expo,no_function,1.2,False,0.131,skipped
1250,s2p,expo,no_function,1.2,False,0.135,skipped
1251,s2p,expo,no_function,1.2,False,0.139,skipped
1252,s2p,expo,no_function,1.2,False,0.14300000000000002,skipped
1253,s2p,expo,no_function,1.2,False,0.147,skipped
1254,s2p,expo,no_function,1.2,False,0.151,skipped
1255,s2p,expo,inverse,1.000071201,False,0.003,Done
1256,s2p,expo,inverse,1.000724307,False,0.006999999999999999,Done
1257,s2p,expo,inverse,1.00072821,False,0.011,Done
1258,s2p,expo,inverse,1.00073615,False,0.015,Done
1259,s2p,expo,inverse,1.00075676,False,0.019,Done
1260,s2p,expo,inverse,1.00078306,False,0.023,Done
1261,s2p,expo,inverse,1.000824456,False,0.027000000000000003,Done
1262,s2p,expo,inverse,1.0008935,False,0.031,Done
1263,s2p,expo,inverse,1.001126927,False,0.035,Done
1264,s2p,expo,inverse,1.001554714,False,0.039,Done
1265,s2p,expo,inverse,1.001955629,False,0.043,Done
1266,s2p,expo,inverse,1.002473519,False,0.047,Done
1267,s2p,expo,inverse,1.003441619,False,0.051,Done
1268,s2p,expo,inverse,1.004155475,False,0.055,Done
1269,s2p,expo,inverse,1.004904295,False,0.059,Done
1270,s2p,expo,inverse,1.0056765090000002,False,0.063,Done
1271,s2p,expo,inverse,1.006856809,False,0.067,Done
1272,s2p,expo,inverse,1.007648459,False,0.071,Done
1273,s2p,expo,inverse,1.0084392290000002,False,0.075,Done
1274,s2p,expo,inverse,1.009226639,False,0.079,Done
1275,s2p,expo,inverse,1.010398389,False,0.083,Done
1276,s2p,expo,inverse,1.011172739,False,0.087,Done
1277,s2p,expo,inverse,1.011941499,False,0.091,Done
1278,s2p,expo,inverse,1.012704909,False,0.095,Done
1279,s2p,expo,inverse,1.012704909,False,0.099,skipped
1280,s2p,expo,inverse,1.012704909,False,0.103,skipped
1281,s2p,expo,inverse,1.012704909,False,0.107,skipped
1282,s2p,expo,inverse,1.012704909,False,0.111,skipped
1283,s2p,expo,inverse,1.012704909,False,0.115,skipped
1284,s2p,expo,inverse,1.012704909,False,0.119,skipped
1285,s2p,expo,inverse,1.012704909,False,0.123,skipped
1286,s2p,expo,inverse,1.012704909,False,0.127,skipped
1287,s2p,expo,inverse,1.012704909,False,0.131,skipped
1288,s2p,expo,inverse,1.012704909,False,0.135,skipped
1289,s2p,expo,inverse,1.012704909,False,0.139,skipped
1290,s2p,expo,inverse,1.012704909,False,0.14300000000000002,skipped
1291,s2p,expo,inverse,1.012704909,False,0.147,skipped
1292,s2p,expo,inverse,1.012704909,False,0.151,skipped
1293,s2p,expo,max,1.2,False,0.003,Done
1294,s2p,expo,max,1.2,False,0.006999999999999999,Done
1295,s2p,expo,max,1.2,False,0.011,Done
1296,s2p,expo,max,1.2,False,0.015,Done
1297,s2p,expo,max,1.2,False,0.019,Done
1298,s2p,expo,max,1.2,False,0.023,Done
1299,s2p,expo,max,1.2,False,0.027000000000000003,Done
1300,s2p,expo,max,1.2,False,0.031,Done
1301,s2p,expo,max,1.2,False,0.035,Done
1302,s2p,expo,max,1.2,False,0.039,Done
1303,s2p,expo,max,1.2,False,0.043,Done
1304,s2p,expo,max,1.2,False,0.047,Done
1305,s2p,expo,max,1.2,False,0.051,Done
1306,s2p,expo,max,1.2,False,0.055,Done
1307,s2p,expo,max,1.2,False,0.059,Done
1308,s2p,expo,max,1.2,False,0.063,Done
1309,s2p,expo,max,1.2,False,0.067,Done
1310,s2p,expo,max,1.2,False,0.071,Done
1311,s2p,expo,max,1.2,False,0.075,Done
1312,s2p,expo,max,1.2,False,0.079,Done
1313,s2p,expo,max,1.2,False,0.083,Done
1314,s2p,expo,max,1.2,False,0.087,Done
1315,s2p,expo,max,1.2,False,0.091,Done
1316,s2p,expo,max,1.2,False,0.095,Done
1317,s2p,expo,max,1.2,False,0.099,skipped
1318,s2p,expo,max,1.2,False,0.103,skipped
1319,s2p,expo,max,1.2,False,0.107,skipped
1320,s2p,expo,max,1.2,False,0.111,skipped
1321,s2p,expo,max,1.2,False,0.115,skipped
1322,s2p,expo,max,1.2,False,0.119,skipped
1323,s2p,expo,max,1.2,False,0.123,skipped
1324,s2p,expo,max,1.2,False,0.127,skipped
1325,s2p,expo,max,1.2,False,0.131,skipped
1326,s2p,expo,max,1.2,False,0.135,skipped
1327,s2p,expo,max,1.2,False,0.139,skipped
1328,s2p,expo,max,1.2,False,0.14300000000000002,skipped
1329,s2p,expo,max,1.2,False,0.147,skipped
1330,s2p,expo,max,1.2,False,0.151,skipped
1331,s2p,expo,min,1.2,False,0.003,Done
1332,s2p,expo,min,1.2,False,0.006999999999999999,Done
1333,s2p,expo,min,1.2,False,0.011,Done
1334,s2p,expo,min,1.2,False,0.015,Done
1335,s2p,expo,min,1.2,False,0.019,Done
1336,s2p,expo,min,1.2,False,0.023,Done
1337,s2p,expo,min,1.2,False,0.027000000000000003,Done
1338,s2p,expo,min,1.2,False,0.031,Done
1339,s2p,expo,min,1.2,False,0.035,Done
1340,s2p,expo,min,1.2,False,0.039,Done
1341,s2p,expo,min,1.2,False,0.043,Done
1342,s2p,expo,min,1.2,False,0.047,Done
1343,s2p,expo,min,1.2,False,0.051,Done
1344,s2p,expo,min,1.2,False,0.055,Done
1345,s2p,expo,min,1.2,False,0.059,Done
1346,s2p,expo,min,1.2,False,0.063,Done
1347,s2p,expo,min,1.2,False,0.067,Done
1348,s2p,expo,min,1.2,False,0.071,Done
1349,s2p,expo,min,1.2,False,0.075,Done
1350,s2p,expo,min,1.2,False,0.079,Done
1351,s2p,expo,min,1.2,False,0.083,Done
1352,s2p,expo,min,1.2,False,0.087,Done
1353,s2p,expo,min,1.2,False,0.091,Done
1354,s2p,expo,min,1.2,False,0.095,Done
1355,s2p,expo,min,1.2,False,0.099,skipped
1356,s2p,expo,min,1.2,False,0.103,skipped
1357,s2p,expo,min,1.2,False,0.107,skipped
1358,s2p,expo,min,1.2,False,0.111,skipped
1359,s2p,expo,min,1.2,False,0.115,skipped
1360,s2p,expo,min,1.2,False,0.119,skipped
1361,s2p,expo,min,1.2,False,0.123,skipped
1362,s2p,expo,min,1.2,False,0.127,skipped
1363,s2p,expo,min,1.2,False,0.131,skipped
1364,s2p,expo,min,1.2,False,0.135,skipped
1365,s2p,expo,min,1.2,False,0.139,skipped
1366,s2p,expo,min,1.2,False,0.14300000000000002,skipped
1367,s2p,expo,min,1.2,False,0.147,skipped
1368,s2p,expo,min,1.2,False,0.151,skipped
1369,s2p,expo,median,1.2,False,0.003,Done
1370,s2p,expo,median,1.2,False,0.006999999999999999,Done
1371,s2p,expo,median,1.2,False,0.011,Done
1372,s2p,expo,median,1.2,False,0.015,Done
1373,s2p,expo,median,1.2,False,0.019,Done
1374,s2p,expo,median,1.2,False,0.023,Done
1375,s2p,expo,median,1.2,False,0.027000000000000003,Done
1376,s2p,expo,median,1.2,False,0.031,Done
1377,s2p,expo,median,1.2,False,0.035,Done
1378,s2p,expo,median,1.2,False,0.039,Done
1379,s2p,expo,median,1.2,False,0.043,Done
1380,s2p,expo,median,1.2,False,0.047,Done
1381,s2p,expo,median,1.2,False,0.051,Done
1382,s2p,expo,median,1.2,False,0.055,Done
1383,s2p,expo,median,1.2,False,0.059,Done
1384,s2p,expo,median,1.2,False,0.063,Done
1385,s2p,expo,median,1.2,False,0.067,Done
1386,s2p,expo,median,1.2,False,0.071,Done
1387,s2p,expo,median,1.2,False,0.075,Done
1388,s2p,expo,median,1.2,False,0.079,Done
1389,s2p,expo,median,1.2,False,0.083,Done
1390,s2p,expo,median,1.2,False,0.087,Done
1391,s2p,expo,median,1.2,False,0.091,Done
1392,s2p,expo,median,1.2,False,0.095,Done
1393,s2p,expo,median,1.2,False,0.099,skipped
1394,s2p,expo,median,1.2,False,0.103,skipped
1395,s2p,expo,median,1.2,False,0.107,skipped
1396,s2p,expo,median,1.2,False,0.111,skipped
1397,s2p,expo,median,1.2,False,0.115,skipped
1398,s2p,expo,median,1.2,False,0.119,skipped
1399,s2p,expo,median,1.2,False,0.123,skipped
1400,s2p,expo,median,1.2,False,0.127,skipped
1401,s2p,expo,median,1.2,False,0.131,skipped
1402,s2p,expo,median,1.2,False,0.135,skipped
1403,s2p,expo,median,1.2,False,0.139,skipped
1404,s2p,expo,median,1.2,False,0.14300000000000002,skipped
1405,s2p,expo,median,1.2,False,0.147,skipped
1406,s2p,expo,median,1.2,False,0.151,skipped
1407,s2p,expo,average,1.2,False,0.003,Done
1408,s2p,expo,average,1.2,False,0.006999999999999999,Done
1409,s2p,expo,average,1.2,False,0.011,Done
1410,s2p,expo,average,1.2,False,0.015,Done
1411,s2p,expo,average,1.2,False,0.019,Done
1412,s2p,expo,average,1.2,False,0.023,Done
1413,s2p,expo,average,1.2,False,0.027000000000000003,Done
1414,s2p,expo,average,1.2,False,0.031,Done
1415,s2p,expo,average,1.2,False,0.035,Done
1416,s2p,expo,average,1.2,False,0.039,Done
1417,s2p,expo,average,1.2,False,0.043,Done
1418,s2p,expo,average,1.2,False,0.047,Done
1419,s2p,expo,average,1.2,False,0.051,Done
1420,s2p,expo,average,1.2,False,0.055,Done
1421,s2p,expo,average,1.2,False,0.059,Done
1422,s2p,expo,average,1.2,False,0.063,Done
1423,s2p,expo,average,1.2,False,0.067,Done
1424,s2p,expo,average,1.2,False,0.071,Done
1425,s2p,expo,average,1.2,False,0.075,Done
1426,s2p,expo,average,1.2,False,0.079,Done
1427,s2p,expo,average,1.2,False,0.083,Done
1428,s2p,expo,average,1.2,False,0.087,Done
1429,s2p,expo,average,1.2,False,0.091,Done
1430,s2p,expo,average,1.2,False,0.095,Done
1431,s2p,expo,average,1.2,False,0.099,skipped
1432,s2p,expo,average,1.2,False,0.103,skipped
1433,s2p,expo,average,1.2,False,0.107,skipped
1434,s2p,expo,average,1.2,False,0.111,skipped
1435,s2p,expo,average,1.2,False,0.115,skipped
1436,s2p,expo,average,1.2,False,0.119,skipped
1437,s2p,expo,average,1.2,False,0.123,skipped
1438,s2p,expo,average,1.2,False,0.127,skipped
1439,s2p,expo,average,1.2,False,0.131,skipped
1440,s2p,expo,average,1.2,False,0.135,skipped
1441,s2p,expo,average,1.2,False,0.139,skipped
1442,s2p,expo,average,1.2,False,0.14300000000000002,skipped
1443,s2p,expo,average,1.2,False,0.147,skipped
1444,s2p,expo,average,1.2,False,0.151,skipped
1445,s2p,quad,no_function,1.3,False,0.003,Done
1446,s2p,quad,no_function,1.3,False,0.006999999999999999,Done
1447,s2p,quad,no_function,1.3,False,0.011,Done
1448,s2p,quad,no_function,1.3,False,0.015,Done
1449,s2p,quad,no_function,1.3,False,0.019,Done
1450,s2p,quad,no_function,1.3,False,0.023,Done
1451,s2p,quad,no_function,1.3,False,0.027000000000000003,Done
1452,s2p,quad,no_function,1.3,False,0.031,Done
1453,s2p,quad,no_function,1.3,False,0.035,Done
1454,s2p,quad,no_function,1.3,False,0.039,Done
1455,s2p,quad,no_function,1.3,False,0.043,Done
1456,s2p,quad,no_function,1.3,False,0.047,Done
1457,s2p,quad,no_function,1.3,False,0.051,Done
1458,s2p,quad,no_function,1.3,False,0.055,Done
1459,s2p,quad,no_function,1.3,False,0.059,Done
1460,s2p,quad,no_function,1.3,False,0.063,Done
1461,s2p,quad,no_function,1.3,False,0.067,Done
1462,s2p,quad,no_function,1.3,False,0.071,Done
1463,s2p,quad,no_function,1.3,False,0.075,Done
1464,s2p,quad,no_function,1.3,False,0.079,Done
1465,s2p,quad,no_function,1.3,False,0.083,Done
1466,s2p,quad,no_function,1.3,False,0.087,Done
1467,s2p,quad,no_function,1.3,False,0.091,Done
1468,s2p,quad,no_function,1.3,False,0.095,Done
1469,s2p,quad,no_function,1.3,False,0.099,Done
1470,s2p,quad,no_function,1.3,False,0.103,Done
1471,s2p,quad,no_function,1.3,False,0.107,Done
1472,s2p,quad,no_function,1.3,False,0.111,Done
1473,s2p,quad,no_function,1.3,False,0.115,Done
1474,s2p,quad,no_function,1.3,False,0.119,Done
1475,s2p,quad,no_function,1.3,False,0.123,Done
1476,s2p,quad,no_function,1.3,False,0.127,Done
1477,s2p,quad,no_function,1.3,False,0.131,Done
1478,s2p,quad,no_function,1.3,False,0.135,Done
1479,s2p,quad,no_function,1.3,False,0.139,Done
1480,s2p,quad,no_function,1.3,False,0.14300000000000002,Done
1481,s2p,quad,no_function,1.3,False,0.147,Done
1482,s2p,quad,no_function,1.3,False,0.151,Done
1483,s2p,quad,inverse,0.0640754,False,0.003,Done
1484,s2p,quad,inverse,0.0642031,False,0.006999999999999999,Done
1485,s2p,quad,inverse,0.06450299999999999,False,0.011,Done
1486,s2p,quad,inverse,0.0650163,False,0.015,Done
1487,s2p,quad,inverse,0.06627310000000003,False,0.019,Done
1488,s2p,quad,inverse,0.0675895,False,0.023,Done
1489,s2p,quad,inverse,0.06956063,False,0.027000000000000003,Done
1490,s2p,quad,inverse,0.07266752,False,0.031,Done
1491,s2p,quad,inverse,0.0832999,False,0.035,Done
1492,s2p,quad,inverse,0.12758284,False,0.039,Done
1493,s2p,quad,inverse,0.14987543,False,0.043,Done
1494,s2p,quad,inverse,0.15876291,False,0.047,Done
1495,s2p,quad,inverse,0.19802931,False,0.051,Done
1496,s2p,quad,inverse,0.2080648,False,0.055,Done
1497,s2p,quad,inverse,0.22623937,False,0.059,Done
1498,s2p,quad,inverse,0.24477618,False,0.063,Done
1499,s2p,quad,inverse,0.27168331,False,0.067,Done
1500,s2p,quad,inverse,0.28648135,False,0.071,Done
1501,s2p,quad,inverse,0.30277847,False,0.075,Done
1502,s2p,quad,inverse,0.31960019,False,0.079,Done
1503,s2p,quad,inverse,0.34160328,False,0.083,Done
1504,s2p,quad,inverse,0.35658109,False,0.087,Done
1505,s2p,quad,inverse,0.37060301,False,0.091,Done
1506,s2p,quad,inverse,0.38419298,False,0.095,Done
1507,s2p,quad,inverse,0.40386443,False,0.099,Done
1508,s2p,quad,inverse,0.41668992,False,0.103,Done
1509,s2p,quad,inverse,0.42920787,False,0.107,Done
1510,s2p,quad,inverse,0.44144376,False,0.111,Done
1511,s2p,quad,inverse,0.45900517,False,0.115,Done
1512,s2p,quad,inverse,0.47041581,False,0.119,Done
1513,s2p,quad,inverse,0.48137847,False,0.123,Done
1514,s2p,quad,inverse,0.49228357,False,0.127,Done
1515,s2p,quad,inverse,0.50279927,False,0.131,Done
1516,s2p,quad,inverse,0.51817689,False,0.135,Done
1517,s2p,quad,inverse,0.52806001,False,0.139,Done
1518,s2p,quad,inverse,0.53774383,False,0.14300000000000002,Done
1519,s2p,quad,inverse,0.54718577,False,0.147,Done
1520,s2p,quad,inverse,0.561087155,False,0.151,Done
1521,s2p,quad,max,1.3,False,0.003,Done
1522,s2p,quad,max,1.3,False,0.006999999999999999,Done
1523,s2p,quad,max,1.3,False,0.011,Done
1524,s2p,quad,max,1.3,False,0.015,Done
1525,s2p,quad,max,1.3,False,0.019,Done
1526,s2p,quad,max,1.3,False,0.023,Done
1527,s2p,quad,max,1.3,False,0.027000000000000003,Done
1528,s2p,quad,max,1.3,False,0.031,Done
1529,s2p,quad,max,1.3,False,0.035,Done
1530,s2p,quad,max,1.3,False,0.039,Done
1531,s2p,quad,max,1.3,False,0.043,Done
1532,s2p,quad,max,1.3,False,0.047,Done
1533,s2p,quad,max,1.3,False,0.051,Done
1534,s2p,quad,max,1.3,False,0.055,Done
1535,s2p,quad,max,1.3,False,0.059,Done
1536,s2p,quad,max,1.3,False,0.063,Done
1537,s2p,quad,max,1.3,False,0.067,Done
1538,s2p,quad,max,1.3,False,0.071,Done
1539,s2p,quad,max,1.3,False,0.075,Done
1540,s2p,quad,max,1.3,False,0.079,Done
1541,s2p,quad,max,1.3,False,0.083,Done
1542,s2p,quad,max,1.3,False,0.087,Done
1543,s2p,quad,max,1.3,False,0.091,Done
1544,s2p,quad,max,1.3,False,0.095,Done
1545,s2p,quad,max,1.3,False,0.099,Done
1546,s2p,quad,max,1.3,False,0.103,Done
1547,s2p,quad,max,1.3,False,0.107,Done
1548,s2p,quad,max,1.3,False,0.111,Done
1549,s2p,quad,max,1.3,False,0.115,Done
1550,s2p,quad,max,1.3,False,0.119,Done
1551,s2p,quad,max,1.3,False,0.123,Done
1552,s2p,quad,max,1.3,False,0.127,Done
1553,s2p,quad,max,1.3,False,0.131,Done
1554,s2p,quad,max,1.3,False,0.135,Done
1555,s2p,quad,max,1.3,False,0.139,Done
1556,s2p,quad,max,1.3,False,0.14300000000000002,Done
1557,s2p,quad,max,1.3,False,0.147,Done
1558,s2p,quad,max,1.3,False,0.151,Done
1559,s2p,quad,min,1.3,False,0.003,Done
1560,s2p,quad,min,1.3,False,0.006999999999999999,Done
1561,s2p,quad,min,1.3,False,0.011,Done
1562,s2p,quad,min,1.3,False,0.015,Done
1563,s2p,quad,min,1.3,False,0.019,Done
1564,s2p,quad,min,1.3,False,0.023,Done
1565,s2p,quad,min,1.3,False,0.027000000000000003,Done
1566,s2p,quad,min,1.3,False,0.031,Done
1567,s2p,quad,min,1.3,False,0.035,Done
1568,s2p,quad,min,1.3,False,0.039,Done
1569,s2p,quad,min,1.3,False,0.043,Done
1570,s2p,quad,min,1.3,False,0.047,Done
1571,s2p,quad,min,1.3,False,0.051,Done
1572,s2p,quad,min,1.3,False,0.055,Done
1573,s2p,quad,min,1.3,False,0.059,Done
1574,s2p,quad,min,1.3,False,0.063,Done
1575,s2p,quad,min,1.3,False,0.067,Done
1576,s2p,quad,min,1.3,False,0.071,Done
1577,s2p,quad,min,1.3,False,0.075,Done
1578,s2p,quad,min,1.3,False,0.079,Done
1579,s2p,quad,min,1.3,False,0.083,Done
1580,s2p,quad,min,1.3,False,0.087,Done
1581,s2p,quad,min,1.3,False,0.091,Done
1582,s2p,quad,min,1.3,False,0.095,Done
1583,s2p,quad,min,1.3,False,0.099,Done
1584,s2p,quad,min,1.3,False,0.103,Done
1585,s2p,quad,min,1.3,False,0.107,Done
1586,s2p,quad,min,1.3,False,0.111,Done
1587,s2p,quad,min,1.3,False,0.115,Done
1588,s2p,quad,min,1.3,False,0.119,Done
1589,s2p,quad,min,1.3,False,0.123,Done
1590,s2p,quad,min,1.3,False,0.127,Done
1591,s2p,quad,min,1.3,False,0.131,Done
1592,s2p,quad,min,1.3,False,0.135,Done
1593,s2p,quad,min,1.3,False,0.139,Done
1594,s2p,quad,min,1.3,False,0.14300000000000002,Done
1595,s2p,quad,min,1.3,False,0.147,Done
1596,s2p,quad,min,1.3,False,0.151,Done
1597,s2p,quad,median,1.3,False,0.003,Done
1598,s2p,quad,median,1.3,False,0.006999999999999999,Done
1599,s2p,quad,median,1.3,False,0.011,Done
1600,s2p,quad,median,1.3,False,0.015,Done
1601,s2p,quad,median,1.3,False,0.019,Done
1602,s2p,quad,median,1.3,False,0.023,Done
1603,s2p,quad,median,1.3,False,0.027000000000000003,Done
1604,s2p,quad,median,1.3,False,0.031,Done
1605,s2p,quad,median,1.3,False,0.035,Done
1606,s2p,quad,median,1.3,False,0.039,Done
1607,s2p,quad,median,1.3,False,0.043,Done
1608,s2p,quad,median,1.3,False,0.047,Done
1609,s2p,quad,median,1.3,False,0.051,Done
1610,s2p,quad,median,1.3,False,0.055,Done
1611,s2p,quad,median,1.3,False,0.059,Done
1612,s2p,quad,median,1.3,False,0.063,Done
1613,s2p,quad,median,1.3,False,0.067,Done
1614,s2p,quad,median,1.3,False,0.071,Done
1615,s2p,quad,median,1.3,False,0.075,Done
1616,s2p,quad,median,1.3,False,0.079,Done
1617,s2p,quad,median,1.3,False,0.083,Done
1618,s2p,quad,median,1.3,False,0.087,Done
1619,s2p,quad,median,1.3,False,0.091,Done
1620,s2p,quad,median,1.3,False,0.095,Done
1621,s2p,quad,median,1.3,False,0.099,Done
1622,s2p,quad,median,1.3,False,0.103,Done
1623,s2p,quad,median,1.3,False,0.107,Done
1624,s2p,quad,median,1.3,False,0.111,Done
1625,s2p,quad,median,1.3,False,0.115,Done
1626,s2p,quad,median,1.3,False,0.119,Done
1627,s2p,quad,median,1.3,False,0.123,Done
1628,s2p,quad,median,1.3,False,0.127,Done
1629,s2p,quad,median,1.3,False,0.131,Done
1630,s2p,quad,median,1.3,False,0.135,Done
1631,s2p,quad,median,1.3,False,0.139,Done
1632,s2p,quad,median,1.3,False,0.14300000000000002,Done
1633,s2p,quad,median,1.3,False,0.147,Done
1634,s2p,quad,median,1.3,False,0.151,Done
1635,s2p,quad,average,1.3,False,0.003,Done
1636,s2p,quad,average,1.3,False,0.006999999999999999,Done
1637,s2p,quad,average,1.3,False,0.011,Done
1638,s2p,quad,average,1.3,False,0.015,Done
1639,s2p,quad,average,1.3,False,0.019,Done
1640,s2p,quad,average,1.3,False,0.023,Done
1641,s2p,quad,average,1.3,False,0.027000000000000003,Done
1642,s2p,quad,average,1.3,False,0.031,Done
1643,s2p,quad,average,1.3,False,0.035,Done
1644,s2p,quad,average,1.3,False,0.039,Done
1645,s2p,quad,average,1.3,False,0.043,Done
1646,s2p,quad,average,1.3,False,0.047,Done
1647,s2p,quad,average,1.3,False,0.051,Done
1648,s2p,quad,average,1.3,False,0.055,Done
1649,s2p,quad,average,1.3,False,0.059,Done
1650,s2p,quad,average,1.3,False,0.063,Done
1651,s2p,quad,average,1.3,False,0.067,Done
1652,s2p,quad,average,1.3,False,0.071,Done
1653,s2p,quad,average,1.3,False,0.075,Done
1654,s2p,quad,average,1.3,False,0.079,Done
1655,s2p,quad,average,1.3,False,0.083,Done
1656,s2p,quad,average,1.3,False,0.087,Done
1657,s2p,quad,average,1.3,False,0.091,Done
1658,s2p,quad,average,1.3,False,0.095,Done
1659,s2p,quad,average,1.3,False,0.099,Done
1660,s2p,quad,average,1.3,False,0.103,Done
1661,s2p,quad,average,1.3,False,0.107,Done
1662,s2p,quad,average,1.3,False,0.111,Done
1663,s2p,quad,average,1.3,False,0.115,Done
1664,s2p,quad,average,1.3,False,0.119,Done
1665,s2p,quad,average,1.3,False,0.123,Done
1666,s2p,quad,average,1.3,False,0.127,Done
1667,s2p,quad,average,1.3,False,0.131,Done
1668,s2p,quad,average,1.3,False,0.135,Done
1669,s2p,quad,average,1.3,False,0.139,Done
1670,s2p,quad,average,1.3,False,0.14300000000000002,Done
1671,s2p,quad,average,1.3,False,0.147,Done
1672,s2p,quad,average,1.3,False,0.151,Done
1749,s2p,quad,max,1.3,True,0.003,Done
1750,s2p,quad,max,1.3,True,0.006999999999999999,Done
1751,s2p,quad,max,1.3,True,0.011,Done
1752,s2p,quad,max,1.3,True,0.015,Done
1753,s2p,quad,max,1.3,True,0.019,Done
1754,s2p,quad,max,1.3,True,0.023,Done
1755,s2p,quad,max,1.3,True,0.027000000000000003,Done
1756,s2p,quad,max,1.3,True,0.031,Done
1757,s2p,quad,max,1.3,True,0.035,Done
1758,s2p,quad,max,1.3,True,0.039,Done
1759,s2p,quad,max,1.3,True,0.043,Done
1760,s2p,quad,max,1.3,True,0.047,Done
1761,s2p,quad,max,1.3,True,0.051,Done
1762,s2p,quad,max,1.3,True,0.055,Done
1763,s2p,quad,max,1.3,True,0.059,Done
1764,s2p,quad,max,1.3,True,0.063,Done
1765,s2p,quad,max,1.3,True,0.067,Done
1766,s2p,quad,max,1.3,True,0.071,Done
1767,s2p,quad,max,1.3,True,0.075,Done
1768,s2p,quad,max,1.3,True,0.079,Done
1769,s2p,quad,max,1.3,True,0.083,Done
1770,s2p,quad,max,1.3,True,0.087,Done
1771,s2p,quad,max,1.3,True,0.091,Done
1772,s2p,quad,max,1.3,True,0.095,Done
1773,s2p,quad,max,1.3,True,0.099,Done
1774,s2p,quad,max,1.3,True,0.103,Done
1775,s2p,quad,max,1.3,True,0.107,Done
1776,s2p,quad,max,1.3,True,0.111,Done
1777,s2p,quad,max,1.3,True,0.115,Done
1778,s2p,quad,max,1.3,True,0.119,Done
1779,s2p,quad,max,1.3,True,0.123,Done
1780,s2p,quad,max,1.3,True,0.127,Done
1781,s2p,quad,max,1.3,True,0.131,Done
1782,s2p,quad,max,1.3,True,0.135,Done
1783,s2p,quad,max,1.3,True,0.139,Done
1784,s2p,quad,max,1.3,True,0.14300000000000002,Done
1785,s2p,quad,max,1.3,True,0.147,Done
1786,s2p,quad,max,1.3,True,0.151,Done
